{"cam_controller": {"location": {"x": -405.5739388169164, "y": -206.71495589191312, "z": 262.1238375541237}, "rotation": {"pitch": -23.589476456223615, "yaw": 28.004493376912936, "roll": -3.2243734176256633}, "fov": 66.5}}