{"cam_controller": {"location": {"x": -637.8652818771487, "y": -49.91289781183994, "z": 441.34460945905187}, "rotation": {"pitch": -31.254415856589553, "yaw": 6.195526510948313, "roll": 6.428324222940684}, "fov": 66.5}}