{"cam_controller": {"location": {"x": -675.6703372470846, "y": 295.90361201286476, "z": 453.48015919311086}, "rotation": {"pitch": -29.227065346645045, "yaw": -29.818837389701162, "roll": 2.0251307070574893}, "fov": 66.5}}