{"cam_controller": {"location": {"x": -668.9789982271052, "y": 435.7331131478652, "z": 458.89794024301364}, "rotation": {"pitch": -28.278418003591327, "yaw": -34.188360472847634, "roll": 9.66771159498523}, "fov": 66.5}}