{"cam_controller": {"location": {"x": -526.1598557121696, "y": -99.6028020690583, "z": 400.95836674551947}, "rotation": {"pitch": -36.229983923764266, "yaw": 21.94330337711118, "roll": -8.21769658702675}, "fov": 66.5}}