{"cam_controller": {"location": {"x": -390.0099870379159, "y": 341.8034257479738, "z": 404.780586470594}, "rotation": {"pitch": -36.91881488351267, "yaw": -36.734347516746446, "roll": -8.453046695544355}, "fov": 66.5}}