{"cam_controller": {"location": {"x": -480.60414076804517, "y": -283.90605810283444, "z": 578.2478515002508}, "rotation": {"pitch": -44.81941720396509, "yaw": 36.45950932562184, "roll": 2.386015717089477}, "fov": 66.5}}