{"cam_controller": {"location": {"x": -10.340077396938447, "y": -524.2486411867501, "z": 325.82764207245157}, "rotation": {"pitch": -25.83722443561849, "yaw": 90.8485302417863, "roll": 1.798101379401453}, "fov": 66.5}}