{"cam_controller": {"location": {"x": 215.28394159856822, "y": 379.6829004846349, "z": 588.721423617137}, "rotation": {"pitch": -47.746301741308265, "yaw": 253.23334377683673, "roll": -10.664769222472378}, "fov": 66.5}}