{"cam_controller": {"location": {"x": 476.23604804308246, "y": 307.113618338959, "z": 371.24249622336174}, "rotation": {"pitch": -26.587590230459213, "yaw": 204.18572534628552, "roll": 1.6497130390896266}, "fov": 66.5}}