{"cam_controller": {"location": {"x": 419.99158129707496, "y": -65.03516763280132, "z": 579.1130011261309}, "rotation": {"pitch": -44.796363584421655, "yaw": 177.9312098997127, "roll": 2.9151494508660885}, "fov": 66.5}}