{"cam_controller": {"location": {"x": 186.87491213850484, "y": 442.31192496018133, "z": 422.9937370049762}, "rotation": {"pitch": -36.636957548960666, "yaw": 241.80834313450077, "roll": 0.5173217557503195}, "fov": 66.5}}