{"cam_controller": {"location": {"x": 449.78399361044495, "y": 230.45918683398855, "z": 272.1313325112114}, "rotation": {"pitch": -21.298774133560585, "yaw": 212.60434376504836, "roll": 0.7813117842982917}, "fov": 66.5}}